COUNTYPAIR_ID,STATE_FIPS1,GEOID10_FIPS1,STATE_FIPS2,GEOID10_FIPS2,distance_FIPS1,distance_FIPS2
01003-12033,01,01003,12,12033,0.301000187343067,0.10231784744677475
01005-13239,01,01005,13,13239,0.16815033192125184,0.04928061723971584
01017-13145,01,01017,13,13145,0.08168303314311956,0.23871395386240318
01019-13233,01,01019,13,13233,0.22955751022880225,0.22691603339380262
01023-28023,01,01023,28,28023,0.1923212665593397,0.27612170524862245
01023-28153,01,01023,28,28153,0.24246759007308233,0.20071256800456228
01029-13045,01,01029,13,13045,0.1578074486208161,0.2819521482510694
01029-13143,01,01029,13,13143,0.15764129397948856,0.17085385511468726
01039-12091,01,01039,12,12091,0.28809063897592174,0.4520925466315184
01039-12131,01,01039,12,12131,0.2891330834127795,0.4102977049792841
01049-13055,01,01049,13,13055,0.31110347880992467,0.17180778801831817
01053-12033,01,01053,12,12033,0.09040953017439676,0.5124239766716
01053-12091,01,01053,12,12091,0.5047230512709483,0.4676615758656369
01053-12113,01,01053,12,12113,0.14895222979063946,0.44959957189865174
01059-28057,01,01059,28,28057,0.3627296883009715,0.2308462396666543
01061-12059,01,01061,12,12059,0.09976412305597276,0.14706904578275762
01061-12131,01,01061,12,12131,0.26609075373747726,0.4102060198691318
01067-13061,01,01067,13,13061,0.22553236050973732,0.046533060836771056
01067-13099,01,01067,13,13099,0.1974164792310828,0.16717717495120868
01069-12063,01,01069,12,12063,0.20602539076356666,0.20057614567056292
01069-13253,01,01069,13,13253,0.3849393611249735,0.13675444128690645
01071-13083,01,01071,13,13083,0.3778863371640598,0.08880278314538288
01075-28087,01,01075,28,28087,0.14038237702734874,0.11952420958633651
01077-28141,01,01077,28,28141,0.48982738096798073,0.2054992534832092
01081-13215,01,01081,13,13215,0.26581721274149284,0.07262047852162062
01093-28095,01,01093,28,28095,0.3305203347289028,0.3196027352952896
01097-28039,01,01097,28,28039,0.24743361695929145,0.17334993501403187
01097-28059,01,01097,28,28059,0.2392147173089481,0.2614378729981453
01107-28103,01,01107,28,28103,0.2380682918032891,0.22438202908865598
01111-13149,01,01111,13,13149,0.16336590532327858,0.1546553361066089
01113-13259,01,01113,13,13259,0.22297804875241486,0.221495160963276
01119-28069,01,01119,28,28069,0.1554243596425898,0.30830987903589163
01119-28075,01,01119,28,28075,0.1562165455808046,0.27921034999566896
01129-28041,01,01129,28,28041,0.2616468744372077,0.18975042351264843
04001-35003,04,04001,35,35003,1.0643774414035279,0.49810498699386346
04001-35006,04,04001,35,35006,0.7198715814738922,1.2508234239918756
04001-35031,04,04001,35,35031,0.368685995225149,0.4124860835231568
04011-35017,04,04011,35,35017,0.20171369359224398,0.804392060547528
04011-35023,04,04011,35,35023,0.2790536811550495,0.31877192725510195
04012-06025,04,04012,06,06025,0.6575385809936379,0.8637390442871075
04012-06065,04,04012,06,06065,0.2895148252926208,2.4668269393511926
04015-06071,04,04015,06,06071,0.3891634537851218,2.806835137729815
04015-32003,04,04015,32,32003,0.33188999814017034,0.39951012649889106
04027-06025,04,04027,06,06025,0.08024924436434065,0.8240852142889619
05003-22067,05,05003,22,22067,0.17168796909564532,0.22122738385533197
05007-40001,05,05007,40,40001,0.3757043233526537,0.23039840876585654
05017-22035,05,05017,22,22035,0.32125627596150647,0.23339441750992634
05017-22067,05,05017,22,22067,0.3368469632442485,0.47901244494328954
05017-22123,05,05017,22,22123,0.3162667247643312,0.18953915644125788
05017-28151,05,05017,28,28151,0.1363940227907369,0.07144588604156835
05027-22027,05,05027,22,22027,0.2402160418522512,0.18391220222409876
05027-22119,05,05027,22,22119,0.2401357499806453,0.31822878058922566
05033-40135,05,05033,40,40135,0.1628668003265736,0.2841464894521884
05035-28033,05,05035,28,28033,0.2036361451811231,0.2877890028902833
05035-28143,05,05035,28,28143,0.3285680068963101,0.13664407274314097
05041-28011,05,05041,28,28011,0.21027985862987641,0.21347183725190405
05073-22015,05,05073,22,22015,0.2688305231045652,0.4635736530574303
05073-22119,05,05073,22,22119,0.27147634610160937,0.35169183506042506
05077-28143,05,05077,28,28143,0.21361744676005046,0.10868515156344949
05081-48037,05,05081,48,48037,0.10652740017778488,0.11897718201888449
05091-22017,05,05091,22,22017,0.3813556794071698,0.5474678382731734
05091-48067,05,05091,48,48067,0.14095454652407854,0.2562188753784503
05093-47097,05,05093,47,47097,0.1151843993161938,0.16523923173670793
05093-47157,05,05093,47,47157,0.4482883705536642,0.3019665091055508
05093-47167,05,05093,47,47167,0.2816873841990547,0.1652439568408359
05107-28027,05,05107,28,28027,0.12481217062465422,0.13047470459980517
05113-40089,05,05113,40,40089,0.2031060057596776,0.39417577911666646
05131-40079,05,05131,40,40079,0.07945677546830524,0.19784200714549005
05139-22027,05,05139,22,22027,0.20829879800006162,0.18902960768757002
05139-22111,05,05139,22,22111,0.19302670694796417,0.21670333196792338
05143-40001,05,05143,40,40001,0.3729093959105881,0.11891923046767432
06027-32003,06,06027,32,32003,2.7023261956433235,0.6000890180255943
06049-32031,06,06049,32,32031,0.651957872002411,1.661039064646826
06051-32009,06,06051,32,32009,0.5593018070761252,0.28814178411881136
06061-32005,06,06061,32,32005,1.2005616509977144,0.2701445722873572
06061-32510,06,06061,32,32510,1.2088277415665896,0.2505610541218807
06071-04012,06,06071,04,04012,2.923864209758256,0.2740202006476924
06075-06001,06,06075,06,06001,0.1050854746245387,0.18127051744501863
06075-06041,06,06075,06,06041,0.07759403211866428,0.12814050710958566
06075-06081,06,06075,06,06081,0.051283465874231556,0.14435047272800067
08007-35039,08,08007,35,35039,0.24007900123847156,0.8375942816044951
08007-35045,08,08007,35,35045,0.4128904412053332,0.7893648215682676
08009-20129,08,08009,20,20129,0.4852478039927477,0.20380731707472982
08009-35059,08,08009,35,35059,0.6010220656554952,0.5725094351821847
08009-40025,08,08009,40,40025,0.37334934933797115,0.2657144466900027
08017-20071,08,08017,20,20071,0.4294196808972878,0.3094101742739163
08021-35039,08,08021,35,35039,0.20108201825094907,0.7931220075133071
08021-35055,08,08021,35,35055,0.20024356919833758,0.5728849348653969
08023-35007,08,08023,35,35007,0.3661507448713437,0.5897588647950311
08023-35055,08,08023,35,35055,0.28589013055248136,0.5624018887498367
08045-49019,08,08045,49,49019,1.5119865484926907,0.9306012261207972
08063-20181,08,08063,20,20181,0.3871796630810587,0.3225130728230959
08063-20199,08,08063,20,20199,0.4268298808369852,0.3228468272091637
08067-35045,08,08067,35,35045,0.2651958636454173,0.27718388923749965
08071-35007,08,08071,35,35007,0.20277443568762957,0.29076768555135524
08071-35059,08,08071,35,35059,0.5342526288167939,0.5439759413819689
08081-49009,08,08081,49,49009,1.4303465754446565,0.5963994675755306
08081-49047,08,08081,49,49047,1.4243897859456132,0.5462002867449489
08083-35045,08,08083,35,35045,0.3715487695381608,0.3197372575058886
08085-49037,08,08085,49,49037,1.1256867126572085,0.7904852567120052
08095-31029,08,08095,31,31029,0.33589512753190875,0.4316333160240044
08099-20075,08,08099,20,20075,0.5026762127415443,0.2767670945511259
08099-20187,08,08099,20,20187,0.611657050875094,0.295825562763104
08125-20023,08,08125,20,20023,0.4403162454424038,0.3120217504227012
08125-31057,08,08125,31,31057,0.43519363480661594,0.4502864370870572
09001-36079,09,09001,36,36079,0.24004519048132694,0.17569503965374098
09001-36119,09,09001,36,36119,0.11835633147439914,0.0973847497146675
09011-44009,09,09011,44,44009,0.23472920627580077,0.2054827155106295
09015-44003,09,09015,44,44003,0.22021322432023055,0.3006849694835848
09015-44007,09,09015,44,44007,0.20214158716100714,0.3439074854021318
10001-24011,10,10001,24,24011,0.1869131426431274,0.1048183660128048
10001-24035,10,10001,24,24035,0.19018659362739948,0.41802094009587076
10003-24015,10,10003,24,24015,0.15428215182733368,0.15038341047792603
10003-24029,10,10003,24,24029,0.3347076459186591,0.3028268071878443
10003-34033,10,10003,34,34033,0.09240609706643872,0.13472575754337932
10005-24019,10,10005,24,24019,0.3617713903371633,0.306407627786091
10005-24045,10,10005,24,24045,0.21031117319490672,0.08498081172762109
10005-24047,10,10005,24,24047,0.21042277319351718,0.14932597604809988
11001-51013,11,11001,51,51013,0.04626132907149422,0.03169316640328649
11001-51510,11,11001,51,51510,0.07668759926591127,0.049327154857654404
12079-12047,12,12079,12,12047,0.18657933671186863,0.20431379562665106
13027-12065,13,13027,12,12065,0.20382644550783777,0.21010296790014346
13027-12079,13,13027,12,12079,0.194145588382137,0.16865213137559062
13033-45005,13,13033,45,45005,0.3845166890919778,0.25481936816939965
13039-12089,13,13039,12,12089,0.06585366444222576,0.11420435599889006
13045-01111,13,13045,01,01111,0.29480586979369444,0.21653971447373915
13049-12003,13,13049,12,12003,0.2854138883440995,0.07214818676496851
13049-12089,13,13049,12,12089,0.0014904406917473569,0.33201493660166476
13053-01113,13,13053,01,01113,0.05748168783107893,0.09192826391134191
13055-01019,13,13055,01,01019,0.1590600157894515,0.1983585581371279
13065-12003,13,13065,12,12003,0.5168078875427614,0.3748856468204261
13065-12023,13,13065,12,12023,0.4543179831915466,0.4717486763678435
13083-01049,13,13083,01,01049,0.08900699523628532,0.329446951254773
13087-12039,13,13087,12,12039,0.1898843795485187,0.10038624984665652
13099-01069,13,13099,01,01069,0.1724945945450513,0.28324228680909747
13101-12023,13,13101,12,12023,0.38476624535336085,0.46937741923068255
13101-12047,13,13101,12,12047,0.08886448188918825,0.11434412181851655
13105-45065,13,13105,45,45065,0.3064120466235291,0.28034117177452417
13115-01019,13,13115,01,01019,0.2673970375277259,0.18494825019944522
13131-12039,13,13131,12,12039,0.20890442015170707,0.22067320383520717
13131-12073,13,13131,12,12073,0.20015077733902822,0.21865418122368083
13145-01081,13,13145,01,01081,0.19798144709537405,0.24685868415033582
13185-12047,13,13185,12,12047,0.22387987220512753,0.18548329093761093
13215-01113,13,13215,01,01113,0.06436041904231672,0.07437544253484252
13233-01029,13,13233,01,01029,0.22693695327636187,0.29250527745176286
13251-45049,13,13251,45,45049,0.2009059107516649,0.2919634537466202
13253-12063,13,13253,12,12063,0.10941600592598594,0.2691160447153696
13259-01005,13,13259,01,01005,0.28809511128433035,0.2833186647491194
13275-12065,13,13275,12,12065,0.19968275068858007,0.1619034788529767
13275-12073,13,13275,12,12073,0.20549792544650017,0.2807062166194206
13285-01017,13,13285,01,01017,0.1827139456448976,0.08207483995340302
13295-01049,13,13295,01,01049,0.3211939133659188,0.3190795867623478
13299-12003,13,13299,12,12003,0.6459998169489949,0.28164143908910017
16003-41001,16,16003,41,41001,0.4638307090028224,0.8679592132018975
16007-49033,16,16007,49,49033,0.3052677153768293,0.23439314733255412
16009-53075,16,16009,53,53075,0.40042408681335445,0.37669463533483244
16017-30089,16,16017,30,30089,0.5814410528235706,0.9347517177641818
16017-53063,16,16017,53,53063,0.45268063022315347,0.4423998068452428
16019-56023,16,16019,56,56023,0.969706096899869,0.483539426784261
16021-30053,16,16021,30,30053,0.2536240854693454,0.6125227508008145
16031-32007,16,16031,32,32007,0.5736682624317492,1.6706253608212938
16031-49003,16,16031,49,49003,0.4931235056075456,0.9886582079995926
16041-49005,16,16041,49,49005,0.10069393932471184,0.2543662754036181
16043-56039,16,16043,56,56039,0.5661619426646645,0.5553566797384122
16049-30081,16,16049,30,30081,1.55306691371285,0.26519775395206174
16049-41063,16,16049,41,41063,0.49169884190454866,0.6478633092347609
16069-41063,16,16069,41,41063,0.4001986723434457,0.646719071283123
16069-53003,16,16069,53,53003,0.08658053804650574,0.019583373406604324
16071-49003,16,16071,49,49003,0.18052213181258694,0.4107000167400605
16071-49005,16,16071,49,49005,0.23025703001221148,0.36940440043937245
16073-32007,16,16073,32,32007,1.3787485298833178,1.1258306755740983
16073-32013,16,16073,32,32013,1.4175045699047923,1.2039534846601325
16079-30061,16,16079,30,30061,0.3389844914781916,0.2339624866976369
16083-32007,16,16083,32,32007,0.5639354194838254,1.2232928562360095
16087-41045,16,16087,41,41045,0.07858680861868317,0.2428658059307609
17001-29127,17,17001,29,29127,0.09185956182976046,0.09235177463735944
17003-21007,17,17003,21,21007,0.14257802699452346,0.16613489322212738
17003-29133,17,17003,29,29133,0.08121900548584098,0.1537458074682401
17003-29201,17,17003,29,29201,0.10434599987016482,0.19607660361829637
17013-29113,17,17013,29,29113,0.04744788537211989,0.2207950302695936
17013-29183,17,17013,29,29183,0.19096431380544215,0.1159867167831567
17023-18153,17,17023,18,18153,0.21637560703622935,0.21513275457893158
17033-18083,17,17033,18,18083,0.23185863420001823,0.1705435550915466
17045-18167,17,17045,18,18167,0.18540348089336475,0.14458447133221014
17059-21225,17,17059,21,21225,0.1276152772770016,0.15887019767287452
17067-29045,17,17067,29,29045,0.22144298657746556,0.2491378001321403
17067-29111,17,17067,29,29111,0.34327057355438,0.18405613488307732
17069-21055,17,17069,21,21055,0.027214032796364446,0.13912162105349443
17069-21139,17,17069,21,21139,0.10021546961105025,0.26623904048882324
17071-19111,17,17071,19,19111,0.2137690409303702,0.2253168422823338
17075-18007,17,17075,18,18007,0.309460733963784,0.2347502928600063
17077-29157,17,17077,29,29157,0.245954575342561,0.1945135570000847
17083-29183,17,17083,29,29183,0.1322785369730799,0.2832014993489566
17085-19097,17,17085,19,19097,0.14007306765026115,0.18709286638192554
17091-18111,17,17091,18,18111,0.32416016227692157,0.146763180761488
17119-29183,17,17119,29,29183,0.09694259024002923,0.41110716950113463
17119-29510,17,17119,29,29510,0.151017428168091,0.08028250591885033
17127-21145,17,17127,21,21145,0.03631090002655244,0.07396217108428985
17133-29099,17,17133,29,29099,0.17283660724922809,0.1047039496041817
17133-29186,17,17133,29,29186,0.24467996394133623,0.15333315901857408
17149-29163,17,17149,29,29163,0.23153761373824794,0.14254967727829862
17149-29173,17,17149,29,29173,0.31968010661529866,0.19307866026883966
17151-21139,17,17151,21,21139,0.07417201928576593,0.07540394068094725
17153-21007,17,17153,21,21007,0.05882799215110942,0.15188149615323518
17157-29157,17,17157,29,29157,0.15400062098918624,0.15511355683765082
17157-29186,17,17157,29,29186,0.14985040093115665,0.10461239102934863
17161-19139,17,17161,19,19139,0.2846371841511967,0.05955568888472154
17161-19163,17,17161,19,19163,0.029047860841699025,0.040603686722784624
17181-29031,17,17181,29,29031,0.19885829706462008,0.12171882688543022
17183-18165,17,17183,18,18165,0.1231788368306683,0.15166478380759926
17183-18171,17,17183,18,18171,0.12337957006005597,0.2028412778681211
17185-18051,17,17185,18,18051,0.04800285153608836,0.22225946454433745
17193-18129,17,17193,18,18129,0.15625638149989848,0.1521877052303033
17197-18089,17,17197,18,18089,0.5400314794130204,0.13016293359549153
18001-39107,18,18001,39,39107,0.13450294232365934,0.2017394811246388
18003-39125,18,18003,39,39125,0.3189021830246367,0.21892767126796198
18003-39161,18,18003,39,39161,0.337243865520912,0.24645347907530177
18007-17183,18,18007,17,17183,0.24941070791427875,0.35142293567541055
18019-21111,18,18019,21,21111,0.0883721860144827,0.08092112432289934
18019-21185,18,18019,21,21185,0.09456601564971595,0.10281210049320157
18025-21163,18,18025,21,21163,0.1289026178572533,0.27855901303633296
18029-21015,18,18029,21,21015,0.08442811693117713,0.18366965361843232
18029-39061,18,18029,39,39061,0.10074038446018624,0.31135317627610887
18033-39039,18,18033,39,39039,0.23034006810771882,0.35462806318387485
18043-21111,18,18043,21,21111,0.05171502678585635,0.13206256668933783
18061-21093,18,18061,21,21093,0.2539871388789278,0.26077614750841327
18061-21111,18,18061,21,21111,0.20215138700539895,0.20905077236238967
18061-21163,18,18061,21,21163,0.1984448457687465,0.07964765459922325
18075-39037,18,18075,39,39037,0.24126779154804254,0.27573202153783355
18077-21041,18,18077,21,21041,0.10311631475401918,0.06618211809843606
18077-21223,18,18077,21,21223,0.02671923949240392,0.10171801888930768
18083-17101,18,18083,17,17101,0.056304597391478306,0.15049050023733754
18083-17185,18,18083,17,17185,0.2337033803729787,0.04170915551286665
18089-17031,18,18089,17,17031,0.11685654178827859,0.2570995598491428
18089-17091,18,18089,17,17091,0.2571350087054968,0.3247408365409698
18111-17075,18,18111,17,17075,0.14589490360726554,0.3083543955983601
18123-21027,18,18123,21,21027,0.14453688948424906,0.18545882130993416
18123-21091,18,18123,21,21091,0.08959099190688635,0.07026399209370418
18123-21163,18,18123,21,21163,0.21736424896170506,0.32827902158633104
18129-17059,18,18129,17,17059,0.2694738729779044,0.15530849383691575
18129-21101,18,18129,21,21101,0.10389823781182977,0.15763600075928058
18129-21225,18,18129,21,21225,0.15255752316956514,0.1208761973301137
18147-21059,18,18147,21,21059,0.09105799462161429,0.03687878454117259
18147-21091,18,18147,21,21091,0.0911282100559814,0.1236995013650631
18153-17033,18,18153,17,17033,0.18728926700034537,0.13892607664217563
18155-21041,18,18155,21,21041,0.05796590013475739,0.02800259500085323
18155-21077,18,18155,21,21077,0.050727973843972964,0.021140551250183198
18161-39017,18,18161,39,39017,0.11595797854332886,0.3341519785040547
18163-21101,18,18163,21,21101,0.03653657757821294,0.04445004473297585
18165-17045,18,18165,17,17045,0.09273323985139473,0.18306724654636403
18167-17023,18,18167,17,17023,0.14359053355222023,0.18478841115205882
18173-21059,18,18173,21,21059,0.1253656989373867,0.21739703604576996
18173-21101,18,18173,21,21101,0.08200575274060574,0.16677041234944837
18177-39135,18,18177,39,39135,0.13609250381006294,0.1898871447027361
19005-55023,19,19005,55,55023,0.22967937056076929,0.09659235155588654
19007-29171,19,19007,29,29171,0.15160994300706884,0.10612427529397905
19007-29197,19,19007,29,29197,0.21414709366421206,0.17346847028699328
19045-17015,19,19045,17,17015,0.19508787590257012,0.18871788627891803
19045-17161,19,19045,17,17161,0.10259697506495112,0.30432955288158314
19045-17195,19,19045,17,17195,0.11654882500200163,0.35347573046850655
19051-29197,19,19051,29,29197,0.16924781923875235,0.13201794812351322
19051-29199,19,19051,29,29199,0.1799760973881192,0.15608214893409655
19053-29081,19,19053,29,29081,0.1328601356468817,0.2602521915372661
19053-29129,19,19053,29,29129,0.1405369395877876,0.1612665899755955
19057-17071,19,19057,17,17071,0.049363285339810714,0.09271795718328747
19061-17085,19,19061,17,17085,0.10345645030963234,0.17037557750136562
19071-29005,19,19071,29,29005,0.16415557970532346,0.16011822785890062
19071-31131,19,19071,31,31131,0.1828765677159272,0.15346092973751535
19085-31177,19,19085,31,31177,0.22846387489027656,0.0715786673487856
19097-17015,19,19097,17,17015,0.25539394347238514,0.19486696865510156
19111-17067,19,19111,17,17067,0.003712541734752504,0.16992361959676267
19111-29045,19,19111,29,29045,0.163540757778486,0.12695920064775124
19115-17131,19,19115,17,17131,0.14706944691544183,0.2848336530777117
19129-31025,19,19129,31,31025,0.15270115352986888,0.2021506999408799
19133-31021,19,19133,31,31021,0.17086223562099795,0.18419212771632834
19145-29005,19,19145,29,29005,0.16968678737295467,0.17168107650072137
19145-29147,19,19145,29,29147,0.1692825013263075,0.22722363709748736
19155-31055,19,19155,31,31055,0.07780142397469314,0.13414490027273282
19155-31153,19,19155,31,31153,0.10847507401178559,0.11662897393271643
19159-29081,19,19159,29,29081,0.16198416908640273,0.2604777726865391
19159-29227,19,19159,29,29227,0.16189407840418038,0.08874260419003971
19167-46127,19,19167,46,46127,0.28686530539499183,0.2151959320857223
19173-29147,19,19173,29,29147,0.18355331303529662,0.22165542124803234
19173-29227,19,19173,29,29227,0.18858321574234338,0.09430707879662707
19177-29045,19,19177,29,29045,0.13935936704315735,0.1858497184894167
19177-29199,19,19177,29,29199,0.13978639234827817,0.15306107980903375
19185-29129,19,19185,29,29129,0.17112695959818075,0.16275005544736657
19185-29171,19,19185,29,29171,0.1593631802770936,0.15674716433559943
19193-31043,19,19193,31,31043,0.04216638364973374,0.04393220764613106
19193-31173,19,19193,31,31173,0.20708873373138417,0.1685578319007008
20005-29165,20,20005,29,29165,0.08167051638174688,0.324569084620346
20007-40003,20,20007,40,40003,0.21380662840143794,0.33874039854742855
20007-40151,20,20007,40,40151,0.21338013429177158,0.23500973660027114
20019-40113,20,20019,40,40113,0.11182364929591286,0.5745391491474248
20019-40147,20,20019,40,40147,0.25648067194803426,0.27115229178669287
20021-29145,20,20021,29,29145,0.14919894388207985,0.2204722511602193
20021-40035,20,20021,40,40035,0.2777438264081976,0.3336928535641772
20021-40115,20,20021,40,40115,0.11660654383426422,0.1407297567602246
20025-40007,20,20025,40,40007,0.31640793012000895,0.5582676203487248
20025-40059,20,20025,40,40059,0.28880319199600346,0.22930809685287756
20033-40059,20,20033,40,40059,0.2536862456820923,0.31435792141211755
20033-40151,20,20033,40,40151,0.23618491812201414,0.36626227945474005
20035-40071,20,20035,40,40071,0.17522080465165213,0.2538070607826324
20035-40113,20,20035,40,40113,0.3036263038419578,0.640361479674005
20037-29011,20,20037,29,29011,0.11412623366919433,0.3078281523725321
20037-29097,20,20037,29,29097,0.13674937550598038,0.2724757112639072
20043-29021,20,20043,29,29021,0.1189409073930201,0.037250933502924105
20071-08061,20,20071,08,08061,0.28176473641841404,0.6355673241878907
20077-40003,20,20077,40,40003,0.22534422806876325,0.3371617058653828
20077-40053,20,20077,40,40053,0.21672072904879705,0.2377742764956351
20091-29037,20,20091,29,29037,0.15230279255430254,0.18535805838824726
20099-40035,20,20099,40,40035,0.25870155808113504,0.32391377962210943
20099-40105,20,20099,40,40105,0.29776206458079857,0.25047019406773147
20107-29217,20,20107,29,29217,0.25810702442293226,0.3398813829735081
20119-40007,20,20119,40,40007,0.29082499675659307,0.1819401168703578
20121-29013,20,20121,29,29013,0.2502669478900814,0.2749844661897709
20125-40105,20,20125,40,40105,0.14071760965046204,0.2239840727270541
20125-40147,20,20125,40,40147,0.16778097037008333,0.2700243967669434
20129-40025,20,20129,40,40025,0.19747172669957277,0.5157618229447595
20129-40139,20,20129,40,40139,0.0531688092201733,0.30091002471022693
20175-40007,20,20175,40,40007,0.0536413427512571,0.18264677326498704
20175-40139,20,20175,40,40139,0.06128051622287558,0.4770479723447828
20187-08009,20,20187,08,08009,0.2855622747682384,0.4859125635762947
20189-40139,20,20189,40,40139,0.19362891734319315,0.28232744758317846
20191-40053,20,20191,40,40053,0.3103855641453006,0.23615471603484217
20191-40071,20,20191,40,40071,0.3053128809709863,0.25455161013990885
20199-08017,20,20199,08,08017,0.28032625998556343,0.4122863165289981
21003-47111,21,21003,47,47111,0.10775724195976744,0.09456605374663574
21003-47165,21,21003,47,47165,0.10740819114896644,0.2818404761792926
21007-29133,21,21007,29,29133,0.14449778911996794,0.2640040754680581
21013-47025,21,21013,47,47025,0.09092883890372382,0.10336684468109528
21013-51105,21,21013,51,51105,0.08410773817736347,0.3615652076801419
21015-18115,21,21015,18,18115,0.15101653055763292,0.04738789662028382
21015-18155,21,21015,18,18155,0.14960567679537917,0.17290893899595378
21019-54099,21,21019,54,54099,0.07183774031863027,0.08321586959964634
21035-47079,21,21035,47,47079,0.11977447273168881,0.18121658577814687
21035-47161,21,21035,47,47161,0.24083154536890447,0.23796027922690052
21047-47125,21,21047,47,47125,0.17057603167265317,0.08984913322167065
21047-47161,21,21047,47,47161,0.23755030923160833,0.17742271991271974
21053-47027,21,21053,47,47027,0.16582839092795593,0.2744993012743517
21053-47137,21,21053,47,47137,0.09016263879517307,0.057898325303968864
21057-47027,21,21057,47,47027,0.15819482624017991,0.14031702145433925
21075-47095,21,21075,47,47095,0.312967239325448,0.14119273990995845
21075-47131,21,21075,47,47131,0.03519401535183443,0.10720962762388005
21083-47079,21,21083,47,47079,0.27452754457327566,0.2669969543276244
21083-47183,21,21083,47,47183,0.23897590036015717,0.20999662400725322
21095-51105,21,21095,51,51105,0.12832748104544556,0.04176486030204169
21105-47183,21,21105,47,47183,0.2110193216903671,0.21433650823879172
21133-51195,21,21133,51,51195,0.08622206961501906,0.14583420859230367
21139-17127,21,21139,17,17127,0.1548951230024155,0.17910434679978177
21141-47147,21,21141,47,47147,0.21258193381756627,0.16244624963350648
21147-47151,21,21147,47,47151,0.11958251911268128,0.14257030060487952
21171-47027,21,21171,47,47027,0.08786204100806458,0.06201541633197761
21171-47111,21,21171,47,47111,0.104414124219582,0.10356364189453028
21195-51027,21,21195,51,51027,0.19819759378225096,0.1719700636616761
21195-51051,21,21195,51,51051,0.19817577112154813,0.11494123150096862
21195-51195,21,21195,51,51195,0.29274857514033775,0.247111561268018
21213-47147,21,21213,47,47147,0.08277842832732196,0.17794243006438676
21213-47165,21,21213,47,47165,0.09125881009181006,0.23661400942609304
21219-47125,21,21219,47,47125,0.16971110415238072,0.09154415536234067
21219-47147,21,21219,47,47147,0.17855023643829915,0.2778667437235808
21221-47161,21,21221,47,47161,0.18383808727539885,0.1410859651960151
21223-18019,21,21223,18,18019,0.0995330546867803,0.33564738026201707
21225-17069,21,21225,17,17069,0.1911532281882812,0.18413261756935298
21231-47137,21,21231,47,47137,0.2317393604426653,0.17396455083695436
21235-47013,21,21235,47,47013,0.2182447946450876,0.20822704758101757
21235-47025,21,21235,47,47025,0.2683768616821336,0.304561116169699
22017-48203,22,22017,48,48203,0.24201115388650496,0.36972826071791026
22017-48315,22,22017,48,48315,0.32790550023793696,0.3807265362363996
22017-48365,22,22017,48,48365,0.2548491884580574,0.28994644938787345
22019-48361,22,22019,48,48361,0.4353196777487373,0.14130046732271212
22029-28001,22,22029,28,28001,0.03501836081591822,0.05963341631423937
22029-28157,22,22029,28,28157,0.4039912222725111,0.32842450346283575
22031-48419,22,22031,48,48419,0.2422085096220107,0.22619255423553725
22035-28149,22,22035,28,28149,0.24300061280885024,0.31941463574293993
22085-48351,22,22085,48,48351,0.3967306854608925,0.504999539039923
22085-48403,22,22085,48,48403,0.160314001720483,0.1621420022111696
22103-28045,22,22103,28,28045,0.2654412070170613,0.22429800753046458
22107-28001,22,22107,28,28001,0.21600472814579402,0.18772749069877648
22107-28021,22,22107,28,28021,0.1061175066331743,0.14619369818745334
22107-28063,22,22107,28,28063,0.10435792710258322,0.20899809119186694
22115-48351,22,22115,48,48351,0.2697561796084294,0.26046094087686533
22117-22103,22,22117,22,22103,0.1675587213257817,0.28190857868983277
23017-33003,23,23017,33,33003,0.39653728700509694,0.17676979843511195
23017-33007,23,23017,33,33007,0.3969174121335181,0.3364244105668549
23031-33017,23,23031,33,33017,0.25697635278730124,0.06570998495312687
24001-54027,24,24001,54,54027,0.1900544980947448,0.19707344488773398
24001-54057,24,24001,54,54057,0.020633915493886216,0.022249763150700864
24001-54065,24,24001,54,54065,0.3668814635958137,0.12356714299827902
24011-10005,24,24011,10,10005,0.11742797254543236,0.3617741548594697
24021-51107,24,24021,51,51107,0.2041660122768061,0.18004108496642646
24023-54023,24,24023,54,54023,0.18673419382836284,0.2702558610153216
24023-54057,24,24023,54,54057,0.16181037188333128,0.15830619272480373
24023-54077,24,24023,54,54077,0.17694051421899562,0.19324062934703937
24029-10001,24,24029,10,10001,0.30154726454114805,0.23247167381009393
24031-11001,24,24031,11,11001,0.12180549968240563,0.0568573009931784
24031-51059,24,24031,51,51059,0.12372149581973418,0.1330768886080372
24031-51107,24,24031,51,51107,0.20736835136849002,0.05602620909997248
24033-11001,24,24033,11,11001,0.02501930649568191,0.051068204402266955
24033-51059,24,24033,51,51059,0.1951912059122641,0.2206809713727068
24039-51001,24,24039,51,51001,0.18234897032092437,0.16198482561287145
24043-51107,24,24043,51,51107,0.2964983146978566,0.3228690167056
24043-54003,24,24043,54,54003,0.10151197388588279,0.13133085295405342
24043-54037,24,24043,54,54037,0.12499727714868214,0.09026619296054765
24043-54065,24,24043,54,54065,0.2907143098603284,0.05643422422565856
24047-51001,24,24047,51,51001,0.2747900640430108,0.21071958745349037
25003-09005,25,25003,09,09005,0.4160342621985732,0.3157992303724693
25003-36021,25,25003,36,36021,0.1447130822088149,0.22646267709842838
25005-44001,25,25005,44,44001,0.14235812202820608,0.04338072884691241
25005-44005,25,25005,44,44005,0.13501645287948455,0.13847079245826635
25005-44007,25,25005,44,44007,0.20997971025132584,0.07800545265376062
25013-09003,25,25013,09,09003,0.09546343426503164,0.24608835732174505
25013-09005,25,25013,09,09005,0.44207628346959743,0.3396290079588909
25013-09013,25,25013,09,09013,0.11313154467270208,0.18997520628421594
25021-44007,25,25021,44,44007,0.2975486137462126,0.14592970653786777
25027-09013,25,25027,09,09013,0.4045111223760202,0.3017256584357016
25027-09015,25,25027,09,09015,0.28015904514672496,0.22271028654677794
25027-44007,25,25027,44,44007,0.2953593030226165,0.1675781315519983
26021-18091,26,26021,18,18091,0.2559877292302031,0.12841304915495833
26021-18141,26,26021,18,18141,0.22772294645861385,0.08499416461305961
26023-18087,26,26023,18,18087,0.23699726233640725,0.21169890519825343
26023-18151,26,26023,18,18151,0.17006393054270905,0.11020816002522692
26027-18039,26,26027,18,18039,0.13152542836586154,0.12194982644789748
26027-18141,26,26027,18,18141,0.13328796425788342,0.08504467861325668
26043-55037,26,26043,55,55037,0.06834373739097671,0.10690862902113722
26043-55075,26,26043,55,55075,0.04106075701695126,0.5015292189027226
26053-55125,26,26053,55,55125,0.14502117704035442,0.2281959764121262
26059-18151,26,26059,18,18151,0.25568978470606646,0.20989928517011333
26071-55037,26,26071,55,55037,0.07683798270493769,0.0949618128264659
26071-55041,26,26071,55,55041,0.17103193671574385,0.45487858548832133
26071-55125,26,26071,55,55125,0.39903429562516773,0.520970299797345
26109-55075,26,26109,55,55075,0.06567650228688965,0.10728441336963056
26149-18039,26,26149,18,18039,0.1849277936080744,0.1675089482357932
26149-18087,26,26149,18,18087,0.12868585657687695,0.12709904823678725
27011-46051,27,27011,46,46051,0.07833722462774537,0.20958921837002048
27017-55031,27,27017,55,55031,0.24429754356182648,0.2739171213128735
27025-55095,27,27025,55,55095,0.12617814787252218,0.16829177159920541
27037-55093,27,27037,55,55093,0.3503065334415503,0.19602260254510967
27043-19109,27,27043,19,19109,0.18081741540236632,0.3531190019675656
27043-19189,27,27043,19,19189,0.18038815057808055,0.15679231009909728
27045-19089,27,27045,19,19089,0.19191822952101303,0.13897116964165407
27045-19191,27,27045,19,19191,0.19203942184057507,0.21938337786747325
27047-19189,27,27047,19,19189,0.211963663671706,0.15788832413385367
27047-19195,27,27047,19,19195,0.16307688560554112,0.13284190080358949
27049-55091,27,27049,55,55091,0.36306164243579975,0.28737423893699876
27055-19005,27,27055,19,19005,0.2182488904737601,0.24373582523995135
27055-19191,27,27055,19,19191,0.2772182547966967,0.23509242483825152
27055-55123,27,27055,55,55123,0.17171828980678522,0.3919166787174855
27063-19059,27,27063,19,19059,0.16507338268426736,0.11099028916614065
27063-19063,27,27063,19,19063,0.2578564186369274,0.14577507575736515
27063-19143,27,27063,19,19143,0.3212292392240984,0.25318367823455196
27073-46039,27,27073,46,46039,0.31860895323238,0.21847912529055488
27081-46011,27,27081,46,46011,0.19859578780794285,0.3344244529962021
27089-38035,27,27089,38,38035,0.6181715996272973,0.26680421427196194
27089-38099,27,27089,38,38099,0.5804827921845793,0.391864577132529
27091-19063,27,27091,19,19063,0.16479790970761346,0.10659097590574727
27091-19109,27,27091,19,19109,0.17858220741691425,0.3541784718273943
27099-19089,27,27099,19,19089,0.38242816860924805,0.2584144243849634
27099-19131,27,27099,19,19131,0.1652563900084351,0.16371042725014284
27099-19195,27,27099,19,19195,0.20799157958562256,0.24282556986257403
27105-19119,27,27105,19,19119,0.2366992010271634,0.20135331419760197
27105-19143,27,27105,19,19143,0.1364413256088438,0.11352368267143244
27107-38017,27,27107,38,38017,0.35854477630868287,0.290750269226807
27115-55013,27,27115,55,55013,0.22715654152042214,0.15124995440902528
27119-38097,27,27119,38,38097,0.34858369271837536,0.357576503615455
27133-19119,27,27133,19,19119,0.14784858599470677,0.11500353268413015
27155-46109,27,27155,46,46109,0.07567732400711279,0.09571031170381344
27163-55093,27,27163,55,55093,0.1973667213381794,0.2303429172631735
27163-55109,27,27163,55,55109,0.13728511492847523,0.18237778183955947
27169-55063,27,27169,55,55063,0.2919090015167294,0.07654158592147509
28005-22037,28,28005,22,22037,0.18084582338061936,0.17450824599855422
28005-22091,28,28005,22,22091,0.1806199995053068,0.2110846192996454
28005-22105,28,28005,22,22105,0.30855890735860453,0.43790147047096095
28011-05017,28,28011,05,05017,0.5019933461666046,0.23162719001765186
28041-01097,28,28041,01,01097,0.20951057797568887,0.40463964104130806
28055-22035,28,28055,22,22035,0.06651666938218467,0.03149219474714019
28057-01093,28,28057,01,01093,0.2235224682995574,0.3234774902197486
28075-01023,28,28075,01,01023,0.2855756287562705,0.26934424192553796
28087-01107,28,28087,01,01107,0.11483328440361566,0.23574909371057665
28091-22117,28,28091,22,22117,0.2423922283817678,0.23085975786876448
28095-01075,28,28095,01,01075,0.27106828401298405,0.1357707164258693
28103-01119,28,28103,01,01119,0.25183042175142306,0.3729216778266914
28109-22103,28,28109,22,22103,0.17148012700064535,0.22012388123399773
28109-22117,28,28109,22,22117,0.2082640710993952,0.17364319004769901
28113-22105,28,28113,22,22105,0.21598263316518193,0.427943086569987
28113-22117,28,28113,22,22117,0.23320784943116837,0.3106369928870187
28141-01033,28,28141,01,01033,0.10870697116625327,0.43033192108145957
28141-01059,28,28141,01,01059,0.16707723608594535,0.35988426020179926
28143-05107,28,28143,05,05107,0.24495114668438353,0.13850783918672604
28147-22117,28,28147,22,22117,0.15057877709789677,0.1654707492945246
28149-22065,28,28149,22,22065,0.04757914815103354,0.11525028376826883
28149-22107,28,28149,22,22107,0.2766976154107909,0.21457160834975741
28153-01129,28,28153,01,01129,0.19754061933890274,0.2644602382181423
28157-22037,28,28157,22,22037,0.13731356812200637,0.1720575353432771
28157-22125,28,28157,22,22125,0.12214062432789477,0.10541595507652757
29003-20043,29,29003,20,20043,0.11195746798992054,0.13642701520800832
29005-31127,29,29005,31,31127,0.17387297731830176,0.15690849628837922
29009-05007,29,29009,05,05007,0.23636329995947092,0.22266236610854
29009-05015,29,29009,05,05015,0.23631425255275543,0.12653798337721786
29013-20107,29,29013,20,20107,0.250351406010801,0.1891182444948699
29021-20005,29,29021,20,20005,0.2680514837626742,0.06787183290438835
29023-05021,29,29023,05,05021,0.2554057004054336,0.12763916728495445
29031-17003,29,29031,17,17003,0.1037921818007756,0.22364564755937522
29037-20121,29,29037,20,20121,0.18570463651710425,0.22444941257523054
29047-20209,29,29047,20,20209,0.13676429160269413,0.10015907224099847
29069-05021,29,29069,05,05021,0.01702565217688822,0.1979709525994658
29069-05031,29,29069,05,05031,0.4024355206992033,0.3326842866736407
29069-05055,29,29069,05,05055,0.18141757149676685,0.1644791956939136
29069-05093,29,29069,05,05093,0.3282590703928318,0.15616090639760816
29087-20043,29,29087,20,20043,0.14126459704082855,0.07288986149070206
29087-31147,29,29087,31,31147,0.13954976712888148,0.20220508900696244
29091-05049,29,29091,05,05049,0.29437054554494185,0.1223549263955965
29095-20091,29,29095,20,20091,0.16163898253425693,0.1290800928087274
29095-20209,29,29095,20,20209,0.16473530749671078,0.10072745516127048
29097-20021,29,29097,20,20021,0.17445225121838928,0.1370123774728898
29111-17001,29,29111,17,17001,0.14399932699880091,0.10660212238954875
29119-05007,29,29119,05,05007,0.11867774511813699,0.1617502449089603
29119-40041,29,29119,40,40041,0.2196245582105534,0.1807734458626577
29127-17149,29,29127,17,17149,0.08579473156895946,0.45201448890845136
29133-21039,29,29133,21,21039,0.18809428893529317,0.17260832312235683
29133-21075,29,29133,21,21075,0.22794149152566956,0.1792175186170576
29133-21105,29,29133,21,21105,0.20455218419187765,0.18443240869592703
29143-21075,29,29143,21,21075,0.0996064692960085,0.30729422600328615
29143-47095,29,29143,47,47095,0.16056484862670614,0.04431099559831714
29145-40115,29,29145,40,40115,0.20657649972093797,0.21878322456090657
29149-05049,29,29149,05,05049,0.12010159503046465,0.15368070636894704
29149-05121,29,29149,05,05121,0.13405306695109226,0.2372944556301804
29149-05135,29,29149,05,05135,0.12137672432014521,0.3267690619985664
29153-05005,29,29153,05,05005,0.12503577048968295,0.16521576300361346
29153-05049,29,29153,05,05049,0.30094518664337866,0.37584263104433563
29153-05089,29,29153,05,05089,0.16275599442185862,0.21352847591447516
29155-05093,29,29155,05,05093,0.18095968240174024,0.16118908205572555
29155-47045,29,29155,47,47045,0.11791299251917761,0.24421907932426554
29163-17013,29,29163,17,17013,0.22233393653048747,0.13088823525991167
29165-20103,29,29165,20,20103,0.10969141308188865,0.08520669915807029
29165-20209,29,29165,20,20209,0.0779825964785539,0.066454915405575
29181-05021,29,29181,05,05021,0.12888910288785466,0.2405128884741745
29181-05121,29,29181,05,05121,0.12862060466072237,0.1935836947780652
29189-17133,29,29189,17,17133,0.17553096067439222,0.1400361323486556
29189-17163,29,29189,17,17163,0.17281295337376756,0.257360783566458
29209-05015,29,29209,05,05015,0.21899976800636686,0.12582290770807883
29213-05009,29,29213,05,05009,0.1585384575190775,0.23019940986263887
29213-05015,29,29213,05,05015,0.19072645242359848,0.2845118517816816
29213-05089,29,29213,05,05089,0.3715873791920098,0.2393402390219772
29217-20011,29,29217,20,20011,0.27602559794479825,0.13303670402749507
29217-20037,29,29217,20,20037,0.3215150818478027,0.24202101599783812
29510-17163,29,29510,17,17163,0.05643419891072074,0.19405589498020717
30001-16033,30,30001,16,16033,0.7170718460858104,0.28334542496407095
30001-16043,30,30001,16,16043,1.2703028952119897,0.5313024554114142
30001-16059,30,30001,16,16059,0.6246034022193955,0.2172431950529917
30003-56003,30,30003,56,56003,0.6970754831621451,0.3699832725355735
30003-56033,30,30003,56,56033,0.5643262342974702,0.2151996273153891
30009-56003,30,30009,56,56003,0.5634252994641177,0.3699832725355735
30009-56029,30,30009,56,56029,0.3161794358829466,0.38453786000957835
30011-46019,30,30011,46,46019,0.6717721083359222,0.42871374109630006
30011-46063,30,30011,46,46063,0.481103969295696,0.5169971392483104
30011-56011,30,30011,56,56011,0.6804894858379907,0.5663920878885628
30025-38011,30,30025,38,38011,0.275391306951935,0.6485985969989039
30025-38087,30,30025,38,38087,0.26395820647341667,0.6021993841824096
30025-46063,30,30025,46,46063,0.4906572623881772,0.5845953230117225
30031-16043,30,30031,16,16043,0.9638677441097122,0.6823422793467041
30053-16017,30,30053,16,16017,0.6140263831097659,0.5808674564491199
30057-16043,30,30057,16,16043,0.8691431655086499,0.7087997848240513
30061-16035,30,30061,16,16035,0.2594919476224925,1.2931722400114547
30063-16035,30,30063,16,16035,0.6245126182908691,1.5311193871140019
30063-16049,30,30063,16,16049,0.38032512097654597,1.649128949436711
30067-56029,30,30067,56,56029,0.6048537129942744,0.9116383042002082
30075-56005,30,30075,56,56005,0.4403833403901416,0.7458984418870227
30075-56011,30,30075,56,56011,0.6357479969257861,0.7023692677538907
30075-56033,30,30075,56,56033,0.6631140928668887,0.7419670390551637
30081-16059,30,30081,16,16059,0.659430172711582,0.5096486021166454
30089-16079,30,30089,16,16079,0.4766037833073969,0.3317886674677607
30091-38023,30,30091,38,38023,0.44938012655125,0.6998792566969296
30091-38105,30,30091,38,38105,0.4631927119124704,0.5192122173373157
30109-38033,30,30109,38,38033,0.1504382725531065,0.08352066802265341
31007-56021,31,31007,56,56021,0.3504878055567634,0.7598040380898033
31021-19085,31,31021,19,19085,0.20461011314331365,0.26903978420411334
31025-19071,31,31025,19,19071,0.22983959421918845,0.21380552500330105
31029-08125,31,31029,08,08125,0.43581976080460444,0.51755398424804
31033-08075,31,31033,08,08075,0.16397362171189472,0.36268363401961684
31033-08115,31,31033,08,08115,0.3677288835540798,0.29642690297736474
31049-08115,31,31049,08,08115,0.08658389158476955,0.041955443051783683
31057-20023,31,31057,20,20023,0.0904883551251135,0.23471968804384916
31057-20153,31,31057,20,20153,0.2110081845290357,0.3344452685663945
31061-20147,31,31061,20,20147,0.22082278325199156,0.2982694720807125
31061-20183,31,31061,20,20183,0.18534138322192947,0.23168720158237338
31065-20039,31,31065,20,20039,0.35255494319034464,0.35681894874076925
31065-20137,31,31065,20,20137,0.24638052311846725,0.1810709652690672
31067-20117,31,31067,20,20117,0.2729451737089042,0.2010526019774985
31067-20201,31,31067,20,20201,0.28795931941267267,0.2590449551532888
31083-20147,31,31083,20,20147,0.14352220328066742,0.24486601772457445
31087-20153,31,31087,20,20153,0.2096713366995369,0.194505659987166
31095-20201,31,31095,20,20201,0.1622320150667807,0.21931756970532157
31105-08075,31,31105,08,08075,0.24671265766246417,0.4118506398595984
31105-08123,31,31105,08,08123,0.2313835355774276,0.9968803300288978
31129-20089,31,31129,20,20089,0.11269566967974727,0.22690284787098694
31129-20157,31,31129,20,20157,0.17170057209458311,0.24526232065359976
31131-29005,31,31131,29,29005,0.27209807248335033,0.29100200062476106
31133-20117,31,31133,20,20117,0.14492960385613007,0.22906807546183375
31133-20131,31,31133,20,20131,0.13408694114496647,0.17738281421004196
31135-08095,31,31135,08,08095,0.3913131923620582,0.34995666970961603
31135-08115,31,31135,08,08115,0.3789950869168885,0.2760817215086188
31145-20039,31,31145,20,20039,0.20343675318312332,0.19740981871722058
31145-20153,31,31145,20,20153,0.25329884698317073,0.35325749910277876
31147-20013,31,31147,20,20013,0.09960475249354818,0.19891887311719275
31147-20043,31,31147,20,20043,0.3482925543860191,0.3147386207610163
31147-20131,31,31147,20,20131,0.15173682547164208,0.1705526365353607
31153-19129,31,31153,19,19129,0.15056908005476977,0.17158203965355967
31165-56015,31,31165,56,56015,0.22787958604342368,0.16769404577427893
31169-20157,31,31169,20,20157,0.17715268553489694,0.18391803698606687
31173-19133,31,31173,19,19133,0.1639655089533376,0.2844746250778399
31177-19155,31,31177,19,19155,0.13963481039176215,0.18155056087375673
31181-20089,31,31181,20,20089,0.19786608858872387,0.23857488262966484
31181-20183,31,31181,20,20183,0.19891199833322862,0.24622133454503456
32003-06071,32,32003,06,06071,0.5705838216495267,2.3539747715998574
32005-06003,32,32005,06,06003,0.10351093360149545,0.13668123055293085
32005-06017,32,32005,06,06017,0.15019541690488902,0.7848298816601811
32005-06051,32,32005,06,06051,0.2974499644307283,0.8500548264504467
32007-49045,32,32007,49,49045,1.4758189745763983,1.6655584226743019
32009-06027,32,32009,06,06027,0.28898307066270273,0.5321159634959801
32017-04015,32,32017,04,04015,0.909808116444387,1.7844576215139494
32017-49001,32,32017,49,49001,0.750099402407982,1.2731334814341804
32017-49021,32,32017,49,49021,0.5916040075846583,0.9777551610714298
32017-49053,32,32017,49,49053,0.5973942276046097,0.5321624729585263
32019-06051,32,32019,06,06051,0.8139950008538936,0.6773341807445974
32021-06051,32,32021,06,06051,0.4417000709721629,0.42508677948115003
32023-06027,32,32023,06,06027,0.20195543218306222,1.119077065561375
32031-06035,32,32031,06,06035,0.27781768157051173,0.5839139365859717
32031-06057,32,32031,06,06057,0.227109440713521,0.9150998136299869
32031-06061,32,32031,06,06061,0.30404783585289546,1.2208196803495854
32031-06091,32,32031,06,06091,0.20626804827592968,0.4131382773964699
32033-49023,32,32033,49,49023,0.8580789531800733,2.152409571003015
32033-49027,32,32033,49,49027,0.8141151506442188,1.553391780482825
33003-23031,33,33003,23,23031,0.17827538249307018,0.3340058479429354
33005-25011,33,33005,25,25011,0.1778652002683668,0.17923363652981456
33005-25027,33,33005,25,25027,0.1771863255470767,0.42675667675204715
33007-50009,33,33007,50,50009,0.1757726938937029,0.12986569028394462
33009-50017,33,33009,50,50017,0.18561901110484086,0.24844521504833025
33009-50027,33,33009,50,50027,0.26128155947977333,0.17056816151393875
33011-25009,33,33011,25,25009,0.31254446379819084,0.2832564532890098
33011-25017,33,33011,25,25017,0.1773467955877543,0.2514789940425483
33011-25027,33,33011,25,25027,0.402669412880134,0.41825119335219985
33015-25009,33,33015,25,25009,0.10589390065680584,0.19688335262840406
33019-50025,33,33019,50,50025,0.22099355627464282,0.26253199695046436
34003-36005,34,34003,36,36005,0.12889912272109605,0.06104596809066999
34003-36061,34,34003,36,36061,0.12459979537175604,0.02701278943363858
34005-42101,34,34005,42,42101,0.154494055498673,0.08059419091949385
34015-10003,34,34015,10,10003,0.28189203763540105,0.2045113669719563
34019-42017,34,34019,42,42017,0.17358759575800659,0.131415635951027
34037-42089,34,34037,42,42089,0.3129640724128045,0.3205767532072456
34041-42017,34,34041,42,42017,0.259606797627118,0.38943013646526203
34041-42095,34,34041,42,42095,0.07165729829751492,0.11685407073038981
35003-04011,35,35003,04,04011,0.5204523513293745,0.31232955668852225
35009-48369,35,35009,48,48369,0.17211763207370723,0.2276828934390191
35013-48141,35,35013,48,48141,0.2703639088478193,0.15117974011625127
35015-48109,35,35015,48,48109,0.5475995074916691,0.9287590207437182
35015-48301,35,35015,48,48301,0.6298503047738748,0.2815270371774847
35015-48389,35,35015,48,48389,0.6092502395737862,0.7624777251549193
35023-04003,35,35023,04,04003,0.2811845206993089,1.0139223593809477
35025-48003,35,35025,48,48003,0.2645751141842859,0.5225789517270562
35025-48165,35,35025,48,48165,0.12886540643754096,0.40634080063305283
35025-48301,35,35025,48,48301,0.7643513077536156,0.25446352564395436
35025-48495,35,35025,48,48495,0.6785017602007875,0.15936114989363576
35025-48501,35,35025,48,48501,0.24312923364771885,0.23445836548702034
35035-48109,35,35035,48,48109,1.340529174356017,0.9290699783735191
35035-48141,35,35035,48,48141,0.8043609391648857,0.21912359818852184
35035-48229,35,35035,48,48229,0.8043380472176046,0.580253827397595
35037-48117,35,35037,48,48117,0.6134736118535029,0.6516019042346332
35037-48359,35,35037,48,48359,0.6134812437442488,0.6521814698058817
35041-48017,35,35041,48,48017,0.3043511726365988,0.298034321731627
35041-48079,35,35041,48,48079,0.456165284831293,0.31276965682231667
35045-04001,35,35045,04,04001,0.8249137833151399,0.562642388119005
35059-40025,35,35059,40,40025,0.2638061783199638,0.5168303843661016
35059-48111,35,35059,48,48111,0.22079053606245105,0.4628741310431392
35059-48205,35,35059,48,48205,0.4575746586231983,0.5520507280966181
36003-42083,36,36003,42,42083,0.29556383545696796,0.3059429989050302
36003-42105,36,36003,42,42105,0.22899081106541436,0.17637201339831018
36007-42115,36,36007,42,42115,0.12255913160860345,0.17529984071821034
36009-42083,36,36009,42,42083,0.22451238457503822,0.13459914840507983
36009-42123,36,36009,42,42123,0.38456381269291723,0.23072011116510818
36013-42049,36,36013,42,42049,0.38579392346185043,0.30993100619487
36013-42123,36,36013,42,42123,0.2475992040817924,0.1471306965911178
36015-42015,36,36015,42,42015,0.11638899849764939,0.17330885196885895
36015-42117,36,36015,42,42117,0.16308227897076086,0.30483056462592023
36019-50007,36,36019,50,50007,0.24803630824416525,0.20036856802342753
36025-42127,36,36025,42,42127,0.41269185610456666,0.32703879236891753
36027-09001,36,36027,09,09001,0.32146133208031,0.3597054331821888
36027-09005,36,36027,09,09005,0.3216239636018404,0.3247546967650645
36031-50001,36,36031,50,50001,0.2772555108081699,0.24011247668865984
36061-34017,36,36061,34,34017,0.02649638823721491,0.04268407949455426
36071-34031,36,36071,34,34031,0.25042698359049104,0.22171963036865866
36071-34037,36,36071,34,34037,0.2512506402399772,0.22496021171969233
36071-42103,36,36071,42,42103,0.45027916754847047,0.2618487336279744
36083-25003,36,36083,25,25003,0.32612685924888135,0.14467406546464162
36087-34003,36,36087,34,34003,0.07145775619690227,0.13485789173939952
36087-34031,36,36087,34,34031,0.19435405381407508,0.2097650366532958
36101-42105,36,36101,42,42105,0.3937157117079531,0.25713995610194423
36101-42117,36,36101,42,42117,0.26647559570914603,0.18435744895963807
36105-42103,36,36105,42,42103,0.27595152756563457,0.16445796001610027
36105-42127,36,36105,42,42127,0.3424832331309868,0.2435123173605166
36107-42015,36,36107,42,42015,0.12258970665183543,0.16998850371172697
36107-42115,36,36107,42,42115,0.19467297318390214,0.37852927300780387
36115-50003,36,36115,50,50003,0.20313293548318068,0.11938604679874056
36119-34003,36,36119,34,34003,0.09941170304563494,0.13950650920119778
37007-45025,37,37007,45,45025,0.1625500029633511,0.1290791452629937
37019-45051,37,37019,45,45051,0.35074185149646797,0.33002990974313995
37039-13111,37,37039,13,13111,0.16409193253018514,0.08701975814118867
37039-13291,37,37039,13,13291,0.11931815233162373,0.11301498508659902
37039-47139,37,37039,47,47139,0.28738711819071067,0.259631057594567
37043-13241,37,37043,13,13241,0.261644716153755,0.13696161195998938
37043-13281,37,37043,13,13281,0.04778259896431913,0.048917028188054025
37043-13291,37,37043,13,13291,0.13746949518631504,0.11299423315081078
37045-45021,37,37045,45,45021,0.12166386479799465,0.0957815953826256
37045-45091,37,37045,45,45091,0.19727405672609113,0.317129205805345
37047-45051,37,37047,45,45051,0.2176143461136967,0.3079759690704876
37071-45091,37,37071,45,45091,0.11936766285528887,0.1594814548957716
37089-45045,37,37089,45,45045,0.1483885011462329,0.3345429910370696
37099-45073,37,37099,45,45073,0.347547404131486,0.3096522920205979
37113-13241,37,37113,13,13241,0.16232923323744558,0.11533115292369343
37119-45057,37,37119,45,45057,0.1720843083469222,0.26071138382663317
37119-45091,37,37119,45,45091,0.165742702036643,0.057348881917045055
37149-45045,37,37149,45,45045,0.07472605847136751,0.33720013639292234
37149-45083,37,37149,45,45083,0.06471086233339744,0.2256101416453692
37153-45069,37,37153,45,45069,0.13806307481404584,0.170567854784134
37155-45033,37,37155,45,45033,0.27159556354060166,0.11424569813504588
37155-45069,37,37155,45,45069,0.3601657072084359,0.20898358602674016
37161-45021,37,37161,45,45021,0.16561761976984926,0.15727961566918286
37161-45083,37,37161,45,45083,0.16380423019841212,0.22674581828251994
37165-45069,37,37165,45,45069,0.11000328977189619,0.12769736033203563
37175-45045,37,37175,45,45045,0.10319237146737067,0.3811756490689351
37175-45073,37,37175,45,45073,0.21652462024512398,0.3198005879239278
37175-45077,37,37175,45,45077,0.13017419511833955,0.27023030586267854
37179-45025,37,37179,45,45025,0.20453074964477067,0.2197312402152489
37179-45057,37,37179,45,45057,0.18003548323490673,0.06108057401472408
38001-46063,38,38001,46,46063,0.3280482578771747,0.6254756843299933
38001-46105,38,38001,46,46105,0.08803971591189012,0.23305045498394
38011-46063,38,38011,46,46063,0.22610202462619944,0.3328452698210543
38017-27027,38,38017,27,27027,0.0728340439715973,0.0981883151603296
38021-46013,38,38021,46,46013,0.15156880758739144,0.45886905821898544
38021-46089,38,38021,46,46089,0.4234637879374327,0.31440431876454955
38029-46021,38,38029,46,46021,0.3228991579299093,0.1393009771946999
38033-30025,38,38033,30,30025,0.2664025542905155,0.32100151881746686
38035-27119,38,38035,27,27119,0.07675734163879067,0.34979260551771924
38051-46021,38,38051,46,46021,0.30374971557607006,0.2613846060877892
38051-46089,38,38051,46,46089,0.2037430529939372,0.17990427201335243
38053-30083,38,38053,30,30083,0.8142228638406781,0.16054852037113182
38053-30109,38,38053,30,30109,0.9179209303319105,0.3913250656734937
38067-27069,38,38067,27,27069,0.38246688471008167,0.3122278921932535
38077-27155,38,38077,27,27155,0.30777582179323365,0.18475271767064547
38077-27167,38,38077,27,27167,0.14877455663749922,0.06706220560939305
38077-46109,38,38077,46,46109,0.32837930386656683,0.32249846391876513
38081-46013,38,38081,46,46013,0.44920853083425316,0.6354036803144413
38081-46091,38,38081,46,46091,0.22845211330039028,0.16913803396322097
38085-46031,38,38085,46,46031,0.21796767776385578,0.17972781800973708
38097-27107,38,38097,27,27107,0.3586405230446884,0.35138057007384926
38105-30085,38,38105,30,30085,0.48200028955666463,1.2019656921428672
39001-21135,39,39001,21,21135,0.14529994304414942,0.05411206564134954
39001-21161,39,39001,21,21161,0.24759714198488678,0.08647193943514637
39007-42039,39,39007,42,42039,0.2481391683360292,0.4182380588625148
39009-54107,39,39009,54,54107,0.3814557691750537,0.2016175057652628
39013-54051,39,39013,54,54051,0.14973066797846885,0.052028382837854235
39015-21023,39,39015,21,21023,0.17214993678482765,0.07082677487296425
39015-21161,39,39015,21,21161,0.18030529974394996,0.04313787375422533
39017-18047,39,39017,18,18047,0.3169550157645234,0.25265594431368466
39025-21023,39,39025,21,21023,0.276579435186934,0.06785486255588356
39025-21037,39,39025,21,21037,0.13323895961762014,0.1222114339173256
39025-21191,39,39025,21,21191,0.22939129971525596,0.17084409717381746
39029-42007,39,39029,42,42007,0.21130677651554816,0.2163705663674954
39029-54029,39,39029,54,54029,0.18798188264381477,0.1349204097462788
39037-18135,39,39037,18,18135,0.19996397928742454,0.19016079957137594
39037-18177,39,39037,18,18177,0.23080488173149297,0.15615641002297206
39039-18003,39,39039,18,18003,0.35528845535488546,0.35398073232106264
39051-26059,39,39051,26,26059,0.29494475259506236,0.2939296109558446
39051-26091,39,39051,26,26091,0.13568644297327956,0.20949629773815467
39053-54011,39,39053,54,54011,0.23262289981701192,0.17679033618905582
39053-54053,39,39053,54,54053,0.06671885464431465,0.08544383893229587
39061-21015,39,39061,21,21015,0.15650466415211803,0.10114506984073268
39061-21037,39,39061,21,21037,0.06868306700986974,0.02354776399792274
39061-21117,39,39061,21,21117,0.08518983977997074,0.07296367671196094
39081-54009,39,39081,54,54009,0.06602388160437078,0.01619973492285397
39081-54069,39,39081,54,54069,0.17997385410238387,0.08410881136970133
39087-21019,39,39087,21,21019,0.07596282344266331,0.06001689251480785
39087-21089,39,39087,21,21089,0.12471212292307893,0.01207437726195958
39087-54011,39,39087,54,54011,0.09738547641943453,0.02749489977872569
39087-54099,39,39087,54,54099,0.09682764113954993,0.14855746124931424
39095-26091,39,39095,26,26091,0.1638843705807612,0.26767301948664235
39095-26115,39,39095,26,26115,0.075618544609464,0.1680872903648033
39099-42073,39,39099,42,42073,0.1771975672170847,0.18232321287053155
39105-54035,39,39105,54,54035,0.19956277352328103,0.09780828557114316
39105-54053,39,39105,54,54053,0.031191797763069774,0.13762847454475502
39107-18075,39,39107,18,18075,0.1943241702051981,0.2289497298340904
39111-54095,39,39111,54,54095,0.1782725653007385,0.0918540967832295
39111-54103,39,39111,54,54103,0.18112440703892094,0.10742414827208469
39135-18161,39,39135,18,18161,0.1906667936895946,0.10434606493793677
39145-21089,39,39145,21,21089,0.03658569857073943,0.01581229732850118
39145-21135,39,39145,21,21135,0.10216817563835369,0.0971355230306008
39155-42085,39,39155,42,42085,0.24073418216185344,0.18186262968771535
39161-18001,39,39161,18,18001,0.23690114585132205,0.13191408385785028
39167-54073,39,39167,54,54073,0.15752836925779273,0.02179374174912737
39167-54095,39,39167,54,54095,0.39367342854531634,0.11770759886327452
39167-54107,39,39167,54,54107,0.03681663668723047,0.036283421446375454
39171-18033,39,39171,18,18033,0.23167246530549115,0.23512559299702365
39171-18151,39,39171,18,18151,0.2316699734592442,0.20482257886678396
39171-26059,39,39171,26,26059,0.16817184575439897,0.2156333036810047
40001-05033,40,40001,05,05033,0.19186687891023757,0.23565260347922146
40007-48295,40,40007,48,48295,0.32656451669071307,0.1118693068014114
40007-48357,40,40007,48,48357,0.31877179834985725,0.11863020004595655
40009-48087,40,40009,48,48087,0.5196855202101063,0.273337050042121
40013-48147,40,40013,48,48147,0.22656694409882916,0.19112578946649184
40013-48181,40,40013,48,48181,0.2039648700095775,0.17347075700910428
40013-48277,40,40013,48,48277,0.5545616045795838,0.28195963801527585
40023-48277,40,40023,48,48277,0.09231296626695255,0.20368633274359246
40023-48387,40,40023,48,48387,0.2649912727024271,0.3511678247896077
40025-48111,40,40025,48,48111,0.2287162890105702,0.3903919197905099
40025-48421,40,40025,48,48421,0.3956976592194283,0.16804656697827808
40033-48077,40,40033,48,48077,0.15383466012808122,0.29221401046914985
40033-48485,40,40033,48,48485,0.24161517667954094,0.15472902424061133
40041-05007,40,40041,05,05007,0.18070560641553665,0.35694550705002753
40045-48211,40,40045,48,48211,0.30166465183609753,0.36366531297602617
40045-48295,40,40045,48,48295,0.21625806506955844,0.3539704253180674
40057-48075,40,40057,48,48075,0.10236573853334267,0.26081274332626475
40057-48197,40,40057,48,48197,0.12213532337457779,0.26946063344779453
40065-48197,40,40065,48,48197,0.2926931574927159,0.09521560826557478
40065-48487,40,40065,48,48487,0.19768490879106296,0.20155039215671958
40067-48077,40,40067,48,48077,0.15915255585822174,0.23681182221515737
40067-48337,40,40067,48,48337,0.21956748599763992,0.23285232387383825
40079-05113,40,40079,05,05113,0.38161979837784044,0.2022297148803459
40079-05127,40,40079,05,05127,0.23186029182019194,0.35261725315466924
40085-48097,40,40085,48,48097,0.029993544965596253,0.1073247095082712
40085-48181,40,40085,48,48181,0.22813220350726832,0.43499811432382635
40085-48337,40,40085,48,48337,0.3126802516837242,0.32522577622419646
40089-05081,40,40089,05,05081,0.3444415766969771,0.2879874957444053
40089-05133,40,40089,05,05133,0.3405098798698946,0.17102900266894808
40089-48037,40,40089,48,48037,0.29712135506472576,0.3431030123141361
40089-48387,40,40089,48,48387,0.201651130839656,0.24508161576374624
40095-48181,40,40095,48,48181,0.13491622168189893,0.20166602920578985
40115-29119,40,40115,29,29119,0.23719688813887455,0.22558128785272644
40129-48483,40,40129,48,48483,0.34609644327875416,0.2742646514005309
40139-48195,40,40139,48,48195,0.21413161277415016,0.28560475738464675
40139-48357,40,40139,48,48357,0.42289346425741364,0.18611793024909598
40139-48421,40,40139,48,48421,0.2759129743744865,0.16392721826230525
40141-48485,40,40141,48,48485,0.16920347349964937,0.24181285957142232
40141-48487,40,40141,48,48487,0.15988000695655,0.1251298417921285
41001-16087,41,41001,16,16087,0.6166911481612615,0.2726290348331852
41009-53011,41,41009,53,53011,0.15055617334315677,0.20566408513980194
41015-06015,41,41015,06,06015,0.2515749662275808,0.20636203588157354
41025-32013,41,41025,32,32013,1.5284125395952934,1.0636517403847388
41025-32031,41,41025,32,32031,1.5650472967612432,2.4969246995805605
41029-06093,41,41029,06,06093,0.3436530509726685,0.43230549679568187
41033-06015,41,41033,06,06015,0.4240802822023712,0.3980237752941176
41033-06093,41,41033,06,06093,0.4043023811308216,0.8554084331865343
41035-06049,41,41035,06,06049,0.39718235336957314,0.5236211994029717
41035-06093,41,41035,06,06093,0.28078950166565997,0.4758217590898277
41037-06049,41,41037,06,06049,0.49686825307748766,0.47051645101292905
41037-32031,41,41037,32,32031,0.6910187564015915,2.4613778532802053
41045-16027,41,41045,16,16027,0.12005134014275057,0.4051811678598491
41045-16073,41,41045,16,16073,0.29270866510140026,0.34319825415744115
41045-16075,41,41045,16,16075,0.08670567320336495,0.040189028785331544
41045-32013,41,41045,32,32013,1.9712761736144497,0.9640666535754564
41063-16003,41,41063,16,16003,0.6321882376876395,0.45955824051810723
42001-24013,42,42001,24,24013,0.13196980559807947,0.1929974247110751
42001-24021,42,42001,24,24021,0.14433989181959941,0.28758388526168654
42007-54029,42,42007,54,54029,0.22117169377465887,0.05048829029799768
42009-24001,42,42009,24,24001,0.3305165760783504,0.09472947767201241
42017-34005,42,42017,34,34005,0.19298370548082472,0.10413395969089408
42017-34021,42,42017,34,34021,0.13062182049755916,0.08121596428703859
42029-10003,42,42029,10,10003,0.16662710164553526,0.13530458257818426
42029-24015,42,42029,24,24015,0.2900781817761344,0.1080537713042794
42045-10003,42,42045,10,10003,0.1370334702291636,0.15751927443239003
42045-34015,42,42045,34,34015,0.07500209674657574,0.14467220387823088
42049-39007,42,42049,39,39007,0.44801973643059734,0.25400570243530857
42051-24023,42,42051,24,24023,0.3296851787749571,0.22769883154903306
42051-54061,42,42051,54,54061,0.23419346715389175,0.09512718744310991
42051-54077,42,42051,54,54077,0.22869190852896537,0.22536832090656467
42055-24021,42,42055,24,24021,0.247958926422616,0.2937603407217922
42055-24043,42,42055,24,24043,0.16208295148824312,0.10357668232901142
42057-24001,42,42057,24,24001,0.3234942187593223,0.45139187120043023
42057-24043,42,42057,24,24043,0.19767216426442252,0.3825563395660808
42059-54061,42,42059,54,54061,0.1553439804178469,0.08460969002653898
42059-54103,42,42059,54,54103,0.3411925959049119,0.2573289356438722
42071-24015,42,42071,24,24015,0.35696279602025804,0.22598295853522904
42073-39029,42,42073,39,39029,0.2020192529053486,0.22375288567207047
42089-34041,42,42089,34,34041,0.18292827918670093,0.20214727127809698
42101-34007,42,42101,34,34007,0.04403330332276288,0.10914209732963583
42101-34015,42,42101,34,34015,0.11631323636391891,0.1361900007286072
42103-34037,42,42103,34,34037,0.13832124199391402,0.24196112347989893
42111-24001,42,42111,24,24001,0.31857092610560395,0.0937147607944248
42111-24023,42,42111,24,24023,0.3086593301202327,0.20978970223281126
42125-54009,42,42125,54,54009,0.3744977373957905,0.06676732548861006
42125-54051,42,42125,54,54051,0.41903664745839403,0.18883191179761194
42125-54069,42,42125,54,54069,0.3772773488471804,0.15333784481803486
42127-36007,42,42127,36,36007,0.4631133958706277,0.4673299188400608
42133-24005,42,42133,24,24005,0.22121103893522331,0.351949176533843
42133-24013,42,42133,24,24013,0.22425715199994878,0.1925925516832464
42133-24025,42,42133,24,24025,0.2858506893900552,0.1999279209815638
44003-09011,44,44003,09,09011,0.305471557481807,0.3445165001615465
45001-13105,45,45001,13,13105,0.2636945506749783,0.15649528182235684
45003-13033,45,45003,13,13033,0.29945113631393044,0.20627556953788942
45003-13245,45,45003,13,13245,0.17195308462527487,0.08712998077523516
45005-13251,45,45005,13,13251,0.1970692810830716,0.20076883390657962
45007-13105,45,45007,13,13105,0.3102381856426532,0.16104948855056916
45007-13147,45,45007,13,13147,0.2614416000865478,0.12382357726215464
45011-13033,45,45011,13,13033,0.32743757167279164,0.23928527126767357
45037-13073,45,45037,13,13073,0.20230524962600635,0.09483978052960643
45037-13245,45,45037,13,13245,0.20743173106969423,0.1115568674126785
45049-13103,45,45049,13,13103,0.2935312666372484,0.2595817708783813
45053-13051,45,45053,13,13051,0.24120769686930568,0.07753484225504095
45053-13103,45,45053,13,13103,0.14540022111574685,0.14431772607034343
45065-13073,45,45065,13,13073,0.21056301339891456,0.08082933927555644
45065-13181,45,45065,13,13181,0.0698624291762377,0.0857487872994973
45073-13119,45,45073,13,13119,0.19385906907232425,0.17012607515889974
45073-13137,45,45073,13,13137,0.3333070052686054,0.2300606618457128
45073-13147,45,45073,13,13147,0.2184956027396308,0.12077060352826713
45073-13241,45,45073,13,13241,0.25079088751141715,0.11909506135237512
45073-13257,45,45073,13,13257,0.18623609531882085,0.07605918244904196
46007-31031,46,46007,31,31031,0.2102484482852892,0.5194746951219623
46009-31107,46,46009,31,31107,0.09896681559500989,0.21388801086864487
46019-56011,46,46019,56,56011,0.2947216575935846,0.5856528274501328
46023-31015,46,46023,31,31015,0.17634088377104948,0.2543806181936913
46023-31107,46,46023,31,31107,0.357493370030875,0.4271301181736833
46027-31027,46,46027,31,31027,0.09235043750911957,0.23141250536872673
46027-31051,46,46027,31,31051,0.06461802993016068,0.26669636756443815
46033-56027,46,46033,56,56027,0.5863286114070319,0.7842133044055116
46039-27081,46,46039,27,27081,0.23243417063828378,0.2600872131932797
46039-27173,46,46039,27,27173,0.20741571536292092,0.6254303087822943
46047-31045,46,46047,31,31045,0.3875427688186676,0.21545216382254428
46047-31165,46,46047,31,31165,0.387351263134712,0.6215706984894046
46051-27073,46,46051,27,27073,0.20036186880419846,0.31856781405531126
46053-31015,46,46053,31,31015,0.18653305613487964,0.1073072245830886
46053-31103,46,46053,31,31103,0.18481584269370258,0.21343173542779362
46081-56045,46,46081,56,56045,0.3680675979020561,0.34626060595310093
46083-19119,46,46083,19,19119,0.14491980129250956,0.30295454237865665
46083-19167,46,46083,19,19167,0.2542217450525429,0.2721912000795836
46099-19119,46,46099,19,19119,0.1455966090962194,0.26142936408829537
46099-27133,46,46099,27,27133,0.2789508120143344,0.21465919111183493
46101-27117,46,46101,27,27117,0.2042555659249883,0.1826931337601798
46103-56045,46,46103,56,56045,0.8409070379394943,0.2574683129030485
46109-27011,46,46109,27,27011,0.11984364707920796,0.0627552727079341
46113-31045,46,46113,31,31045,0.35730447185465336,0.22510241210180404
46113-31161,46,46113,31,31161,0.1866914599552116,0.3002911184036472
46121-31031,46,46121,31,31031,0.24995975117530628,0.21358719411063612
46123-31103,46,46123,31,31103,0.35178081332483135,0.12952595883275766
46127-19149,46,46127,19,19149,0.003600192114151909,0.3298148126997244
46127-19193,46,46127,19,19193,0.1745865438583483,0.10151393796155353
46127-31043,46,46127,31,31043,0.18108742606210204,0.04471699005372774
46127-31051,46,46127,31,31051,0.10016526276170351,0.20059019341462694
46135-31027,46,46135,31,31027,0.03592378453851102,0.2356032828716159
46135-31107,46,46135,31,31107,0.10398763216325796,0.2774264226172382
47009-37173,47,47009,37,37173,0.2519457057575288,0.2817153924072422
47011-13213,47,47011,13,13213,0.1849801578764169,0.20539631545056983
47011-13313,47,47011,13,13313,0.17821759739174517,0.19498373245061215
47019-37011,47,47019,37,37011,0.24163159714518417,0.09745906452602299
47019-37121,47,47019,37,37121,0.1596524554835708,0.14225007167350842
47029-37087,47,47029,37,37087,0.1829972500297662,0.26116460759295773
47029-37115,47,47029,37,37115,0.2551470269462769,0.2606328181903298
47045-05093,47,47045,05,05093,0.32333512104044165,0.3069575934117502
47047-28009,47,47047,28,28009,0.24008675819614544,0.1844625783486105
47047-28093,47,47047,28,28093,0.20918227032150524,0.17905584215376452
47051-01071,47,47051,01,01071,0.217160953282833,0.2566696348582123
47055-01077,47,47055,01,01077,0.26310784674380344,0.40710663024189975
47055-01083,47,47055,01,01083,0.1956941309147492,0.17818798587049534
47059-37115,47,47059,37,37115,0.18564270322924253,0.1869008416274797
47065-13047,47,47065,13,13047,0.10767211159757163,0.05820082372260209
47065-13083,47,47065,13,13083,0.1932117334088191,0.10289432270613509
47065-13295,47,47065,13,13295,0.12385901869149672,0.14805085961693665
47069-28003,47,47069,28,28003,0.2987917522245775,0.2697799124075493
47069-28009,47,47069,28,28009,0.22731973517285625,0.18446852047602008
47069-28139,47,47069,28,28139,0.22731968946504474,0.22693888299039527
47071-01077,47,47071,01,01077,0.19313268185537055,0.4012854928957807
47071-28003,47,47071,28,28003,0.24573026300404366,0.17379779583125923
47071-28141,47,47071,28,28141,0.20412647624051955,0.27205516028821947
47091-37009,47,47091,37,37009,0.10845834188160994,0.2117302673540335
47091-37011,47,47091,37,37011,0.18001012078420267,0.18887431798389137
47091-37189,47,47091,37,37189,0.10102141558283245,0.11695026120477642
47095-29155,47,47095,29,29155,0.07958289020682757,0.06932754876012683
47099-01077,47,47099,01,01077,0.23336305555286282,0.13727209218158937
47103-01083,47,47103,01,01083,0.23877783525546295,0.20400846344421267
47103-01089,47,47103,01,01089,0.1164468438255006,0.24489394120720695
47109-28003,47,47109,28,28003,0.18139046186194668,0.08703670565055147
47115-01071,47,47115,01,01071,0.12467311602381631,0.2669105431048775
47115-13083,47,47115,13,13083,0.12469080141113091,0.10049243410902335
47123-37039,47,47123,37,37039,0.2793462395043937,0.1622602421579477
47123-37075,47,47123,37,37075,0.34707374284147496,0.21539788970544405
47139-13111,47,47139,13,13111,0.13736246409746244,0.08743363710138302
47139-13213,47,47139,13,13213,0.1480990055410764,0.2061919661169414
47155-37087,47,47155,37,37087,0.35696737182654964,0.3611351479439313
47155-37173,47,47155,37,37173,0.28322699422689146,0.14848083011129443
47157-05035,47,47157,05,05035,0.1706917579915153,0.07332818307543497
47157-28033,47,47157,28,28033,0.13668660968767948,0.06455771340793566
47157-28093,47,47157,28,28093,0.21786710064161208,0.20616940106251652
47171-37115,47,47171,37,37115,0.20357122221875393,0.13064791103464263
47171-37121,47,47171,37,37121,0.04843368961947749,0.21338234025986064
47171-37199,47,47171,37,37199,0.07938541201834386,0.19405779454193683
47181-01077,47,47181,01,01077,0.2526632281038877,0.13727209218158937
48037-05091,48,48037,05,05091,0.1603741705908821,0.0555976814550121
48067-22017,48,48067,22,22017,0.2633581876408569,0.47535269850533035
48079-35025,48,48079,35,35025,0.3362083055526926,0.6499613618079432
48087-40057,48,48087,40,40057,0.21651478007849786,0.11464740355437084
48117-35009,48,48117,35,35009,0.6408570949121526,0.3701473760287405
48205-35037,48,48205,35,35037,0.604473833771467,0.7568227204015879
48211-40129,48,48211,40,40129,0.36389129393168296,0.34580793659307
48351-22011,48,48351,22,22011,0.0831442885071674,0.28194118431103726
48351-22019,48,48351,22,22019,0.28495490637900595,0.4427135606604152
48361-22023,48,48361,22,22023,0.1572123537333517,0.5190001282984924
48365-22031,48,48365,22,22031,0.2884490803842941,0.26576038436825183
48419-22085,48,48419,22,22085,0.2985943930954946,0.2534282745402468
48483-40009,48,48483,40,40009,0.2648022176902607,0.48800046806676495
49003-32007,49,49003,32,32007,1.9403158587617504,1.481933974807458
49019-08077,49,49019,08,08077,0.4700412809747997,0.5079652706335976
49025-04005,49,49025,04,04005,0.11386268096767677,1.4872329972338223
49025-04015,49,49025,04,04015,0.16045939589740435,2.3551710201543528
49027-32017,49,49027,32,32017,1.6449628142543018,1.063639448884921
49033-56041,49,49033,56,56041,0.29891141184933373,0.27911249196358073
49037-04001,49,49037,04,04001,0.524923738000112,1.4214173539205959
49037-04005,49,49037,04,04005,1.3360636908960157,1.4975362919656572
49037-04017,49,49037,04,04017,0.7120502663643936,2.1047209880017417
49037-08033,49,49037,08,08033,0.47769994042063724,0.284131998698015
49037-08083,49,49037,08,08083,0.47815039604098114,0.4886906472268996
49037-08113,49,49037,08,08113,0.5973719981327088,1.0822281680290196
49045-32033,49,49045,32,32033,1.7254936188427348,1.0320218707294961
49047-08045,49,49047,08,08045,0.9406510124121766,1.5119865484926907
49047-08103,49,49047,08,08103,0.5830678783836596,0.7704940451535487
49053-04015,49,49053,04,04015,0.13518143409480388,1.9407968426183617
50001-36115,50,50001,36,36115,0.33118913444798176,0.47264719136112615
50003-25003,50,50003,25,25003,0.2287087912511431,0.28414160201993727
50003-25011,50,50003,25,25011,0.2656682671157898,0.40493350974660347
50003-36083,50,50003,36,36083,0.12429656840174345,0.3536586389527476
50005-33009,50,50005,33,33009,0.15258179132216773,0.32807730854094747
50007-36031,50,50007,36,36031,0.149506338613563,0.38740952243779886
50009-33009,50,50009,33,33009,0.261428950924919,0.521810866043057
50013-36019,50,50013,36,36019,0.035131650780466414,0.17986828782539152
50021-36115,50,50021,36,36115,0.20708029145510223,0.2054837640282848
50025-25011,50,50025,25,25011,0.22483317920777926,0.15142222386624113
50025-33005,50,50025,33,33005,0.08173714321795662,0.21053048739448654
50027-33019,50,50027,33,33019,0.0976846094918867,0.13121689079625454
51005-54063,51,51005,54,54063,0.33895966171364383,0.3774581602279201
51017-54025,51,51017,54,54025,0.2005225913615604,0.4480738336403499
51025-37131,51,51025,37,37131,0.21187133666640498,0.35109938877405894
51025-37185,51,51025,37,37185,0.2157015723423171,0.16309352109961417
51035-37171,51,51035,37,37171,0.15198238550612908,0.12796140249207433
51059-24017,51,51059,24,24017,0.2090694156829025,0.18463735102262072
51069-54031,51,51069,54,54031,0.3250473040704074,0.3383663213026014
51077-37005,51,51077,37,37005,0.07931037057909272,0.06956151613950418
51077-37009,51,51077,37,37009,0.2451657578688451,0.1639841273174877
51077-37171,51,51077,37,37171,0.23409577348717286,0.22160481656465608
51077-47091,51,51077,47,47091,0.5288503060412281,0.21525700917636273
51081-37131,51,51081,37,37131,0.17600495485635165,0.11289090325869568
51083-37033,51,51083,37,37033,0.29636009851290945,0.19964855099831336
51083-37077,51,51083,37,37077,0.2459876427388226,0.3272882855712561
51083-37145,51,51083,37,37145,0.20797645463029826,0.16870307417369462
51089-37157,51,51089,37,37157,0.14783380530455212,0.13978755460137557
51089-37169,51,51089,37,37169,0.1930871880263985,0.2922224068035747
51105-47025,51,51105,47,47025,0.38760485650547266,0.10776742745622435
51105-47067,51,51105,47,47067,0.12170394006419841,0.07613010816409513
51117-37077,51,51117,37,37077,0.20214795311434022,0.3179822047911927
51117-37181,51,51117,37,37181,0.1481129147733412,0.21186095129538937
51117-37185,51,51117,37,37185,0.14804248928180302,0.13400581716039128
51141-37169,51,51141,37,37169,0.11171680743410804,0.1933978249336689
51141-37171,51,51141,37,37171,0.18978362488479744,0.13425074520403832
51143-37033,51,51143,37,37033,0.23907306401403758,0.14008590328551077
51143-37157,51,51143,37,37157,0.25255762454186875,0.15115849389705643
51169-47067,51,51169,47,47067,0.253033238862577,0.2576508190295223
51169-47073,51,51169,47,47073,0.0916584129451211,0.13779394330769792
51169-47163,51,51169,47,47163,0.09026487036573565,0.06354134394989387
51175-37091,51,51175,37,37091,0.17015646542274965,0.19295599092524587
51175-37131,51,51175,37,37131,0.1928205182442512,0.17826566965113044
51175-51081,51,51175,51,51081,0.2828205809865685,0.0618374615517036
51191-47091,51,51191,47,47091,0.17070974459595403,0.164293857857161
51191-47163,51,51191,47,47163,0.10043848792350736,0.1197774768989775
51195-21095,51,51195,21,21095,0.24634071907525812,0.355291730180771
51520-47163,51,51520,47,47163,0.015885985892893473,0.16456034055298216
51550-37029,51,51550,37,37029,0.20924048370056816,0.2236875685233737
51550-37053,51,51550,37,37053,0.20696407914035575,0.19481581808624912
51800-37029,51,51800,37,37029,0.22674656622211953,0.3537128299349424
51800-37073,51,51800,37,37073,0.22633670458607316,0.08499911158076781
51810-37053,51,51810,37,37053,0.2709768390849282,0.15855393141378177
53003-41063,53,53003,41,41063,0.39095614109221954,0.5549702354652613
53005-41049,53,53005,41,41049,0.34759768131341,0.13906735599482717
53005-41059,53,53005,41,41059,0.2897021409940286,0.1862463787617962
53011-41051,53,53011,41,41051,0.07797294709237519,0.08560601412882919
53013-41059,53,53013,41,41059,0.3252162439784658,0.9763901808730838
53013-41063,53,53013,41,41063,0.3252162439784658,0.6280351846561848
53015-41009,53,53015,41,41009,0.052117651132325096,0.12030086751357583
53023-41063,53,53023,41,41063,0.47752360557730555,0.5800189631582262
53039-41021,53,53039,41,41021,0.48297105415891367,0.2882245237199956
53039-41027,53,53039,41,41027,0.32417787592736713,0.08024581189895427
53039-41049,53,53039,41,41049,1.13336354461006,0.27648899622289286
53039-41055,53,53039,41,41055,0.267253467260739,0.1750986131108637
53039-41065,53,53039,41,41065,0.15110263345499803,0.07290006624788117
53051-16017,53,53051,16,16017,0.18533284251970403,0.40708688957163436
53051-16021,53,53051,16,16021,0.5915370376972467,0.7430458576823652
53059-41027,53,53059,41,41027,0.03142028988429346,0.06283022540044364
53059-41051,53,53059,41,41051,0.04239935587264198,0.34103712181150264
53063-16009,53,53063,16,16009,0.45696134961255364,0.40021592614309326
53063-16055,53,53063,16,16055,0.3291905839636544,0.20906116715425294
53069-41009,53,53069,41,41009,0.11157907954683384,0.39754441502839044
53071-41059,53,53071,41,41059,0.07707474249977131,0.2018299124818048
53075-16057,53,53075,16,16057,0.18187649987421778,0.1053280229424392
53075-16069,53,53075,16,16069,0.31356152628333517,0.09470034856810743
54003-51069,54,54003,51,51069,0.1896364769722887,0.16665525201202833
54025-51005,54,54025,51,51005,0.2561019513978447,0.19743661099928747
54027-51069,54,54027,51,51069,0.2042341004974004,0.21060524310577966
54029-39081,54,54029,39,39081,0.0262227465063179,0.07110859653181444
54029-42125,54,54029,42,42125,0.05050829746864292,0.4216508437606138
54031-51165,54,54031,51,51165,0.21847921378089316,0.3098045223204263
54031-51171,54,54031,51,51171,0.17803565523095158,0.12037695321675625
54037-51043,54,54037,51,51043,0.1430950311739652,0.0889688646250622
54037-51107,54,54037,51,51107,0.09733194183748732,0.32025294107059094
54047-51027,54,54047,51,51027,0.15050657304647205,0.16208957356463793
54047-51185,54,54047,51,51185,0.16276535427543273,0.05879241779182412
54051-39111,54,54051,39,39111,0.13957770560503213,0.19614235737389352
54051-42059,54,54051,42,42059,0.18527537540264574,0.4014169651517226
54055-51021,54,54055,51,51021,0.0790046752271703,0.12904125248207599
54055-51071,54,54055,51,51071,0.17136069607300572,0.13575484423121778
54055-51185,54,54055,51,51185,0.14470873132117695,0.2790461383118349
54059-21159,54,54059,21,21159,0.16331867278770523,0.09761524437849546
54059-21195,54,54059,21,21195,0.059908454696307345,0.24208800309145037
54059-51027,54,54059,51,51027,0.2528925605778031,0.2741942983371941
54063-51045,54,54063,51,51045,0.19235573326039457,0.12228634484870803
54063-51071,54,54063,51,51071,0.0878340554381119,0.0676461330115352
54065-51069,54,54065,51,51069,0.1634173584597234,0.22539570671353978
54069-39013,54,54069,39,39013,0.042880195002564264,0.15261797633416677
54071-51015,54,54071,51,51015,0.22447461990918835,0.3834719116250302
54071-51091,54,54071,51,51091,0.23022757327885573,0.11641779900283007
54071-51165,54,54071,51,51165,0.19205255770495644,0.32756625703621917
54075-51017,54,54075,51,51017,0.14716839959874473,0.18452114900084024
54075-51091,54,54075,51,51091,0.214519412198786,0.12912557356111024
54099-21127,54,54099,21,21127,0.11417166766070928,0.07424057228543753
54099-21159,54,54099,21,21159,0.31646705616693765,0.08139187489171104
54107-39105,54,54107,39,39105,0.2413994313923935,0.26830612896338824
55011-27157,55,55011,27,27157,0.18263034177187357,0.17576251330496329
55011-27169,55,55011,27,27169,0.21760519946789147,0.07459919138783906
55013-27025,55,55013,27,27025,0.44046520027672037,0.1946997650069362
55023-19043,55,55023,19,19043,0.18423960869685027,0.20977142709975882
55031-27115,55,55031,27,27115,0.34972120252928124,0.6114180171849866
55043-17085,55,55043,17,17085,0.3171605404093536,0.15382773860592724
55043-19043,55,55043,19,19043,0.3184286540923492,0.18361988275283944
55043-19061,55,55043,19,19061,0.21073634613458198,0.11901347890409582
55045-17177,55,55045,17,17177,0.16754987672708788,0.18038360750948412
55045-17201,55,55045,17,17201,0.24378328641741145,0.3598989759439942
55051-26053,55,55051,26,26053,0.06415089704101044,0.12423929526695955
55059-17097,55,55059,17,17097,0.07841390180538556,0.18174482600349592
55059-17111,55,55059,17,17111,0.28740815058592145,0.2276775140738262
55063-27055,55,55063,27,27055,0.07220570106096594,0.18221725737702676
55065-17085,55,55065,17,17085,0.15353588984944133,0.09613258807909779
55065-17177,55,55065,17,17177,0.26386926456316834,0.2650215993280714
55091-27157,55,55091,27,27157,0.20628849005948452,0.13832084544057213
55093-27049,55,55093,27,27049,0.15054855602521414,0.1677499087066117
55095-27163,55,55095,27,27163,0.2890151499344619,0.2744956153539156
55105-17007,55,55105,17,17007,0.18443753812247843,0.19918059523394027
55105-17201,55,55105,17,17201,0.1556638543566384,0.18911038721159468
55121-27169,55,55121,27,27169,0.3012089757952163,0.1554322308395563
55123-19005,55,55123,19,19005,0.3952656514249305,0.26641579839753027
55127-17007,55,55127,17,17007,0.23839881380126585,0.21184083015520652
55127-17111,55,55127,17,17111,0.16910932435111722,0.223145870412516
56001-08057,56,56001,08,08057,0.6719636141511212,0.30584590650001536
56001-08069,56,56001,08,08069,0.31774710189980815,0.524622132422913
56007-08057,56,56007,08,08057,0.704712643961733,0.3077248377528579
56007-08081,56,56007,08,08081,0.7070127573686956,0.4868832500688498
56007-08107,56,56007,08,08107,0.6668552013226977,0.5499493177919446
56011-46081,56,56011,46,46081,0.569241075280346,0.25498165510293247
56015-31007,56,56015,31,31007,0.38729129935671636,0.35053940237673903
56015-31157,56,56015,31,31157,0.17390576503084715,0.3723446187242968
56021-08069,56,56021,08,08069,0.2301933305378772,0.4937702952342029
56021-08123,56,56021,08,08123,0.15338597375379645,0.6714413159249932
56021-31105,56,56021,31,31105,0.7196870571137703,0.39244962257282406
56023-16007,56,56023,16,16007,0.21475620320921476,0.2944626199138206
56023-16029,56,56023,16,16029,0.20324233881276893,0.6110708692500276
56023-49033,56,56023,49,49033,0.6137328447164955,0.2327522950373483
56027-31165,56,56027,31,31165,0.4129254638223292,0.32529977591636405
56027-46047,56,56027,46,46047,0.4547377778481666,0.5398572094619336
56037-08081,56,56037,08,08081,0.6292212559400457,0.5680300671189106
56037-49009,56,56037,49,49009,0.5795541680086248,0.03053283869162094
56037-49043,56,56037,49,49043,0.9153423067832149,1.44766764535069
56039-16019,56,56039,16,16019,0.26105761320658805,0.9521517746598342
56039-16081,56,56039,16,16081,0.26124134951229216,0.07936648054909205
56041-49043,56,56041,49,49043,0.2749512875913121,0.5027912870255952
56045-46033,56,56045,46,46033,0.2633498205203024,0.5367760114970436
